"ID","REMOTE_ID","AMBIENT_TEMPERATURE","AIR_PRESSURE","HUMIDITY","CREATED"
"1",NULL,"25.71","1008.41","42.63","2021-04-10 21:39:30"
"2",NULL,"25.71","1008.46","42.63","2021-04-10 21:39:30"
"3",NULL,"25.71","1008.36","42.64","2021-04-10 21:39:30"
"4",NULL,"25.70","1008.37","42.65","2021-04-10 21:39:30"
"5",NULL,"25.71","1008.39","42.64","2021-04-10 21:39:30"
"6",NULL,"25.71","1008.35","42.65","2021-04-10 21:39:30"
"7",NULL,"25.71","1008.36","42.65","2021-04-10 21:39:30"
"8",NULL,"25.71","1008.42","42.65","2021-04-10 21:39:30"
"9",NULL,"25.71","1008.38","42.67","2021-04-10 21:39:30"
"10",NULL,"25.73","1008.41","42.68","2021-04-10 21:39:30"
"11",NULL,"25.72","1008.45","42.68","2021-04-10 21:39:30"
"12",NULL,"25.72","1008.34","42.68","2021-04-10 21:39:30"
"13",NULL,"25.72","1008.45","42.65","2021-04-10 21:39:30"
"14",NULL,"25.71","1008.39","42.66","2021-04-10 21:39:30"
"15",NULL,"25.71","1008.36","42.64","2021-04-10 21:39:30"
"16",NULL,"25.71","1008.41","42.63","2021-04-10 21:39:30"
"17",NULL,"25.71","1008.47","42.62","2021-04-10 21:39:30"
"18",NULL,"25.72","1008.37","42.62","2021-04-10 21:39:30"
"19",NULL,"25.71","1008.42","42.62","2021-04-10 21:39:30"
"20",NULL,"25.70","1008.40","42.63","2021-04-10 21:39:30"
"21",NULL,"25.72","1008.42","42.60","2021-04-10 21:39:30"
"22",NULL,"25.71","1008.39","42.65","2021-04-10 21:39:30"
"23",NULL,"25.72","1008.40","42.67","2021-04-10 21:39:30"
"24",NULL,"25.72","1008.37","42.67","2021-04-10 21:39:30"
"25",NULL,"25.72","1008.38","42.70","2021-04-10 21:39:30"
"26",NULL,"25.72","1008.43","42.70","2021-04-10 21:39:30"
"27",NULL,"25.72","1008.43","42.75","2021-04-10 21:39:30"
"28",NULL,"25.71","1008.35","42.75","2021-04-10 21:39:30"
"29",NULL,"25.71","1008.43","42.73","2021-04-10 21:39:30"
"30",NULL,"25.70","1008.42","42.73","2021-04-10 21:39:30"
"31",NULL,"25.71","1008.42","42.92","2021-04-10 21:39:30"
"32",NULL,"25.70","1008.40","42.92","2021-04-10 21:39:30"
"33",NULL,"25.87","1008.42","43.20","2021-04-10 22:05:59"
"34",NULL,"25.87","1008.45","43.23","2021-04-10 22:07:13"
"35",NULL,"25.86","1008.43","43.25","2021-04-10 22:07:13"
"36",NULL,"25.86","1008.41","43.27","2021-04-10 22:07:13"
"37",NULL,"25.86","1008.45","43.26","2021-04-10 22:07:13"
"38",NULL,"25.87","1008.39","43.23","2021-04-10 22:07:13"
"39",NULL,"25.86","1008.45","43.23","2021-04-10 22:07:13"
"40",NULL,"25.87","1008.42","43.28","2021-04-10 22:07:13"
"41",NULL,"25.87","1008.44","43.30","2021-04-10 22:07:13"
"42",NULL,"25.87","1008.44","43.31","2021-04-10 22:07:13"
"43",NULL,"25.86","1008.46","43.34","2021-04-10 22:07:13"
"44",NULL,"25.86","1008.43","43.31","2021-04-10 22:07:13"
"45",NULL,"25.86","1008.51","43.31","2021-04-10 22:07:13"
"46",NULL,"25.86","1008.48","43.34","2021-04-10 22:07:13"
"47",NULL,"25.86","1008.46","43.34","2021-04-10 22:07:13"
"48",NULL,"25.86","1008.45","43.34","2021-04-10 22:07:13"
"49",NULL,"25.85","1008.50","43.30","2021-04-10 22:07:13"
"50",NULL,"25.86","1008.48","43.32","2021-04-10 22:07:13"
"51",NULL,"25.86","1008.40","43.35","2021-04-10 22:07:13"
"52",NULL,"25.86","1008.43","43.35","2021-04-10 22:07:13"
"53",NULL,"25.86","1008.45","43.38","2021-04-10 22:07:13"
"54",NULL,"25.84","1008.54","43.35","2021-04-10 22:07:13"
"55",NULL,"25.85","1008.47","43.37","2021-04-10 22:07:13"
"56",NULL,"25.86","1008.43","43.39","2021-04-10 22:07:13"
"57",NULL,"25.84","1008.46","43.43","2021-04-10 22:07:13"
"58",NULL,"25.85","1008.38","43.38","2021-04-10 22:07:13"
"59",NULL,"25.84","1008.46","43.40","2021-04-10 22:07:13"
"60",NULL,"25.85","1008.46","43.38","2021-04-10 22:07:13"
"61",NULL,"25.84","1008.48","43.43","2021-04-10 22:07:13"
"62",NULL,"25.84","1008.48","43.40","2021-04-10 22:07:13"
"63",NULL,"25.85","1008.44","43.38","2021-04-10 22:07:13"
"64",NULL,"25.84","1008.53","43.39","2021-04-10 22:07:13"
"65",NULL,"25.83","1008.44","43.39","2021-04-10 22:07:13"
"66",NULL,"25.83","1008.47","43.42","2021-04-10 22:07:13"
"67",NULL,"25.83","1008.49","43.43","2021-04-10 22:07:13"
"68",NULL,"25.82","1008.50","43.45","2021-04-10 22:07:13"
"69",NULL,"25.84","1008.48","45.06","2021-04-10 22:07:13"
"70",NULL,"25.83","1008.52","44.87","2021-04-10 22:07:13"
"71",NULL,"25.85","1008.50","43.57","2021-04-10 22:11:15"
"72",NULL,"25.85","1008.46","43.61","2021-04-10 22:11:15"
"73",NULL,"25.85","1008.55","43.54","2021-04-10 22:11:15"
"74",NULL,"25.85","1008.53","43.51","2021-04-10 22:11:15"
"75",NULL,"25.85","1008.49","43.51","2021-04-10 22:11:15"
"76",NULL,"25.85","1008.49","43.50","2021-04-10 22:11:15"
"77","11","25.88","1008.58","43.44","2021-04-10 22:17:18"
"78","11","25.89","1008.56","43.47","2021-04-10 22:17:18"
"79","11","25.88","1008.52","43.52","2021-04-10 22:17:18"
"80","11","25.88","1008.55","43.50","2021-04-10 22:17:18"
"81","11","25.88","1008.52","43.46","2021-04-10 22:17:18"
"82","11","25.89","1008.53","43.43","2021-04-10 22:17:18"
"83","11","25.89","1008.51","43.47","2021-04-10 22:17:18"
"84","11","25.87","1008.50","43.51","2021-04-10 22:17:18"
"85","11","25.89","1008.58","43.50","2021-04-10 22:17:18"
"86","11","25.88","1008.55","43.53","2021-04-10 22:17:18"
"87","11","25.89","1008.56","43.55","2021-04-10 22:17:18"
"88","11","25.88","1008.54","43.54","2021-04-10 22:17:18"
"89","11","25.62","1008.43","43.55","2021-04-10 22:17:18"
"90","11","25.86","1008.52","43.57","2021-04-10 22:17:18"
"91","11","25.88","1008.57","43.58","2021-04-10 22:17:18"
"92","11","25.87","1008.52","43.58","2021-04-10 22:17:18"
"93","11","25.87","1008.52","43.58","2021-04-10 22:17:18"
"94","11","25.86","1008.54","43.62","2021-04-10 22:17:18"
"95","11","25.86","1008.51","43.64","2021-04-10 22:17:18"
"96","11","25.87","1008.52","43.62","2021-04-10 22:17:18"
"97","11","25.86","1008.51","43.58","2021-04-10 22:17:18"
"98","11","25.86","1008.51","43.58","2021-04-10 22:17:18"
"99","11","25.86","1008.57","43.61","2021-04-10 22:17:18"
"100","11","25.86","1008.54","43.65","2021-04-10 22:17:18"
"101","11","25.86","1008.54","43.67","2021-04-10 22:17:18"
"102","11","25.87","1008.52","43.67","2021-04-10 22:17:18"
"103","11","25.86","1008.59","43.69","2021-04-10 22:17:18"
"104","11","25.87","1008.58","43.74","2021-04-10 22:17:18"
"105","11","25.86","1008.54","43.76","2021-04-10 22:17:18"
"106","11","25.87","1008.55","43.76","2021-04-10 22:17:18"
"107","11","25.86","1008.52","43.77","2021-04-10 22:17:18"
"108","11","25.86","1008.57","43.80","2021-04-10 22:17:18"
"109","11","25.86","1008.57","43.80","2021-04-10 22:17:18"
"110","11","25.86","1008.49","43.80","2021-04-10 22:17:18"
"111","11","25.87","1008.50","43.77","2021-04-10 22:17:18"
"112","11","25.87","1008.52","43.76","2021-04-10 22:17:18"
"113","11","25.87","1008.58","43.74","2021-04-10 22:17:18"
"114","11","25.87","1008.56","43.71","2021-04-10 22:17:18"
"115","11","25.87","1008.50","43.69","2021-04-10 22:17:18"
"116","11","25.87","1008.56","43.66","2021-04-10 22:17:18"
"117","11","25.86","1008.52","43.68","2021-04-10 22:17:18"
"118","11","25.87","1008.58","43.79","2021-04-10 22:17:18"
"119","11","26.01","1008.56","59.24","2021-04-10 22:17:18"
"120","11","26.01","1008.58","52.68","2021-04-10 22:17:18"
"121","11","26.00","1008.52","49.59","2021-04-10 22:17:18"
"122","11","26.00","1008.54","47.98","2021-04-10 22:17:18"
"123","11","25.99","1008.58","46.76","2021-04-10 22:17:18"
"124","11","25.98","1008.50","46.16","2021-04-10 22:17:18"
"125","11","25.98","1008.53","45.71","2021-04-10 22:17:18"
"126","11","25.98","1008.48","45.31","2021-04-10 22:17:18"
"127","11","25.97","1008.49","45.05","2021-04-10 22:17:18"
"128","11","25.98","1008.53","44.84","2021-04-10 22:17:18"
"129","11","25.97","1008.54","44.68","2021-04-10 22:17:18"
"130","11","25.97","1008.43","44.58","2021-04-10 22:17:18"
"131","11","25.97","1008.52","44.43","2021-04-10 22:17:18"
"132","11","25.95","1008.60","44.34","2021-04-10 22:17:18"
"133","11","25.95","1008.52","44.29","2021-04-10 22:17:18"
"134","11","25.94","1008.50","44.26","2021-04-10 22:17:18"
"135","11","25.94","1008.47","44.18","2021-04-10 22:17:18"
"136","11","25.89","1006.20","39.31","2021-04-16 15:27:22"
"137","11","25.86","1006.19","39.37","2021-04-16 15:27:22"
"138","11","25.84","1006.17","39.40","2021-04-16 15:27:22"
"139","11","25.82","1006.22","39.53","2021-04-16 15:27:22"
"140","11","25.79","1006.24","39.58","2021-04-16 15:27:22"
"141","11","25.74","1006.19","39.58","2021-04-16 15:27:22"
"142","11","25.72","1006.17","39.74","2021-04-16 15:27:22"
"143","11","25.70","1006.16","39.85","2021-04-16 15:27:22"
"144","11","25.68","1006.16","39.87","2021-04-16 15:27:22"
"145","11","25.65","1006.14","39.82","2021-04-16 15:27:22"
"146","11","25.63","1006.21","39.83","2021-04-16 15:27:22"
"147","11","25.62","1006.17","39.84","2021-04-16 15:27:22"
"148","11","25.59","1006.16","39.91","2021-04-16 15:27:22"
"149","11","25.58","1006.21","39.94","2021-04-16 15:27:22"
"150","11","25.56","1006.16","39.96","2021-04-16 15:27:22"
"151","11","25.54","1006.19","40.03","2021-04-16 15:27:22"
"152","11","25.52","1006.12","40.01","2021-04-16 15:27:22"
"153","11","25.50","1006.10","40.04","2021-04-16 15:27:22"
"154","11","25.50","1006.20","40.07","2021-04-16 15:27:22"
"155","11","25.47","1006.16","40.00","2021-04-16 15:27:22"
"156","11","25.46","1006.17","39.99","2021-04-16 15:27:22"
"157","11","25.45","1006.13","39.96","2021-04-16 15:27:22"
"158","11","25.43","1006.24","40.03","2021-04-16 15:27:22"
"159","11","25.42","1006.14","40.07","2021-04-16 15:27:22"
"160","11","25.42","1006.18","40.09","2021-04-16 15:27:22"
"161","11","25.40","1006.19","40.15","2021-04-16 15:27:22"
"162","11","25.41","1006.28","40.21","2021-04-16 15:27:22"
"163","11","25.39","1006.15","40.23","2021-04-16 15:27:22"
"164","11","25.38","1006.18","40.22","2021-04-16 15:27:22"
"165","11","25.37","1006.17","40.15","2021-04-16 15:27:22"
"166","11","25.35","1006.22","40.17","2021-04-16 15:27:22"
"167","11","25.35","1006.16","40.16","2021-04-16 15:27:22"
"168","11","25.33","1006.19","40.15","2021-04-16 15:27:22"
"169","11","25.32","1006.23","40.25","2021-04-16 15:27:22"
"170","11","25.33","1006.15","40.28","2021-04-16 15:27:22"
"171","11","25.32","1006.23","40.25","2021-04-16 15:27:22"
"172","11","25.31","1006.18","40.22","2021-04-16 15:27:22"
"173","11","25.31","1006.21","40.30","2021-04-16 15:27:22"
"174","11","25.30","1006.25","40.31","2021-04-16 15:27:22"
"175","11","25.29","1006.23","40.41","2021-04-16 15:27:22"
"176","11","24.67","1007.98","43.28","2021-04-16 21:11:49"
"177","11","24.66","1007.94","43.28","2021-04-16 21:11:49"
"178","11","24.65","1007.95","43.26","2021-04-16 21:11:49"
"179","11","24.65","1008.00","43.40","2021-04-16 21:11:49"
"180","11","24.65","1007.97","43.40","2021-04-16 21:11:49"
"181","11","24.63","1008.00","43.39","2021-04-16 21:11:49"
"182","11","24.03","1008.35","44.86","2021-04-16 22:19:48"
"183","11","24.03","1008.38","44.84","2021-04-16 22:19:48"
"184","11","24.03","1008.38","44.83","2021-04-16 22:19:48"
"185","11","24.05","1008.36","45.01","2021-04-16 22:25:40"
"186","11","24.06","1008.26","45.02","2021-04-16 22:25:40"
"187","11","24.06","1008.29","45.02","2021-04-16 22:25:40"
"188","11","24.08","1008.33","45.14","2021-04-16 22:30:34"
"189","11","24.09","1008.31","45.11","2021-04-16 22:30:34"
"190","11","24.09","1008.31","45.11","2021-04-16 22:30:34"
"191","11","24.57","1007.39","45.65","2021-05-14 20:11:05"
"192","11","24.56","1007.37","45.67","2021-05-14 20:11:05"
"193","11","24.52","1007.34","45.71","2021-05-14 20:11:05"
"194","11","24.53","1007.40","45.79","2021-05-14 20:11:05"
"195","11","24.49","1007.30","45.91","2021-05-14 20:11:05"
"196","11","24.49","1007.40","45.85","2021-05-14 20:11:05"
"197","11","24.47","1007.32","45.94","2021-05-14 20:11:05"
"198","11","24.47","1007.34","46.06","2021-05-14 20:11:05"
"199","11","24.46","1007.35","46.05","2021-05-14 20:11:05"
"200","11","24.46","1007.38","45.99","2021-05-14 20:11:05"
"201","11","24.45","1007.28","45.96","2021-05-14 20:11:05"
"202","11","24.41","1007.33","45.98","2021-05-14 20:11:05"
"203","11","26.21","1008.58","40.96","2021-05-15 20:54:12"
"204","11","26.11","1008.65","41.56","2021-05-15 20:54:12"
"205","11","26.01","1008.65","41.53","2021-05-15 20:54:12"
"206","11","25.34","1008.71","43.33","2021-05-15 20:55:17"
"207","11","25.28","1008.70","43.27","2021-05-15 20:55:17"
"208","11","25.26","1008.67","44.44","2021-05-15 20:55:17"
"209","11","25.24","1008.69","43.87","2021-05-15 20:55:17"
"210","11","25.20","1008.71","43.68","2021-05-15 20:55:17"
"211","11","25.14","1008.73","43.78","2021-05-15 20:55:17"
"212","11","25.09","1008.70","43.70","2021-05-15 20:55:17"
"213","11","25.03","1008.70","43.79","2021-05-15 20:55:17"
"214","11","24.99","1008.66","43.83","2021-05-15 20:55:17"
"215","11","24.97","1008.71","43.91","2021-05-15 20:55:17"
"216","11","24.93","1008.73","44.02","2021-05-15 20:55:17"
"217","11","24.89","1008.69","44.08","2021-05-15 20:55:17"
"218","11","24.86","1008.62","44.14","2021-05-15 20:55:17"
"219","11","24.81","1008.74","44.23","2021-05-15 20:55:17"
"220","11","24.78","1008.66","44.45","2021-05-15 20:55:17"
"221","11","24.77","1008.70","44.50","2021-05-15 20:55:17"
"222","11","24.73","1008.67","44.56","2021-05-15 20:55:17"
"223","11","24.71","1008.70","44.62","2021-05-15 20:55:17"
"224","11","24.68","1008.65","44.66","2021-05-15 20:55:17"
"225","11","24.66","1008.68","44.71","2021-05-15 20:55:17"
"226","11","24.64","1008.73","44.79","2021-05-15 20:55:17"
"227","11","24.61","1008.68","44.86","2021-05-15 20:55:17"
"228","11","24.58","1008.66","44.91","2021-05-15 20:55:17"
"229","11","24.55","1008.67","44.91","2021-05-15 20:55:17"
"230","11","24.54","1008.70","44.96","2021-05-15 20:55:17"
"231","11","24.51","1008.69","45.00","2021-05-15 20:55:17"
"232","11","24.49","1008.65","45.02","2021-05-15 20:55:17"
"233","11","24.47","1008.67","45.10","2021-05-15 20:55:17"
"234","11","24.46","1008.68","45.16","2021-05-15 20:55:17"
"235","11","24.44","1008.69","45.19","2021-05-15 20:55:17"
"236","11","24.43","1008.64","45.28","2021-05-15 20:55:17"
"237","11","24.40","1008.68","45.33","2021-05-15 20:55:17"
"238","11","24.65","1008.66","44.73","2021-05-15 21:01:40"
"239","11","24.63","1008.70","44.73","2021-05-15 21:01:40"
"240","11","24.22","1008.86","45.67","2021-05-15 21:08:44"
"241","11","24.20","1008.86","45.69","2021-05-15 21:08:44"
"242","11","24.19","1008.95","45.72","2021-05-15 21:08:44"
"243","11","24.18","1008.92","46.10","2021-05-15 21:08:44"
"244","11","24.18","1008.86","46.04","2021-05-15 21:08:44"
"245","11","24.18","1008.94","45.78","2021-05-15 21:08:44"
"246","11","24.63","1008.96","45.33","2021-05-15 21:10:04"
"247","11","24.62","1008.85","45.18","2021-05-15 21:10:04"
"248","12","22.31","1009.85","52.42","2021-06-07 23:14:17"
"249","12","22.31","1009.80","52.41","2021-06-07 23:14:17"
"250","12","22.36","1009.82","52.80","2021-06-07 23:14:17"
"251","12","22.38","1009.77","52.57","2021-06-07 23:14:17"
"252","12","22.39","1009.81","52.33","2021-06-07 23:14:17"
"253","12","22.40","1009.74","52.32","2021-06-07 23:14:17"
"254","12","22.40","1009.79","52.26","2021-06-07 23:14:17"
"255","12","22.41","1009.82","52.25","2021-06-07 23:14:17"
"256","12","22.41","1009.76","52.22","2021-06-07 23:14:17"
"257","13","23.10","1009.58","51.63","2021-06-07 23:45:26"
"258","13","23.10","1009.47","51.66","2021-06-07 23:45:26"
"259","13","23.10","1009.50","52.00","2021-06-07 23:45:26"
"260","13","23.10","1009.66","51.94","2021-06-07 23:45:26"
"261","13","23.09","1009.51","52.00","2021-06-07 23:45:26"
"262","13","23.07","1009.56","51.96","2021-06-07 23:45:26"
"263","14","22.84","1009.42","54.04","2021-06-08 00:18:55"
"264","14","22.83","1009.38","54.16","2021-06-08 00:18:55"
"265","14","22.83","1009.41","54.82","2021-06-08 00:18:55"
"266","14","22.83","1009.45","54.46","2021-06-08 00:18:55"
"267","14","22.82","1009.42","54.38","2021-06-08 00:18:55"
"268","14","22.80","1009.40","54.47","2021-06-08 00:18:55"
"269","14","22.79","1009.43","54.45","2021-06-08 00:18:55"
"270","14","22.78","1009.39","54.45","2021-06-08 00:18:55"
"271","14","22.78","1009.39","54.45","2021-06-08 00:18:55"
"272","14","22.79","1009.43","54.82","2021-06-08 00:18:55"
"273","14","22.85","1009.40","54.99","2021-06-08 00:18:55"
"274","12","21.01","1008.01","56.66","2021-06-17 20:12:04"
"275","12","21.01","1008.09","56.74","2021-06-17 20:12:04"
"276","12","21.02","1008.06","56.67","2021-06-17 20:12:04"
"277","12","21.01","1008.04","56.61","2021-06-17 20:12:04"
"278","12","21.00","1008.09","56.61","2021-06-17 20:12:04"
"279","12","20.96","1008.01","56.75","2021-06-17 20:12:04"
"280","12","20.93","1008.01","56.82","2021-06-17 20:12:04"
"281","12","20.91","1008.06","56.82","2021-06-17 20:12:04"
"282","12","20.89","1008.02","56.88","2021-06-17 20:12:04"
"283","12","20.88","1008.06","56.98","2021-06-17 20:12:04"
"284","12","20.86","1008.04","56.87","2021-06-17 20:12:04"
"285","12","20.86","1008.02","56.93","2021-06-17 20:12:04"
"286","12","20.81","1008.02","57.07","2021-06-17 20:12:04"
"287","12","20.84","1008.01","57.03","2021-06-17 20:12:04"
"288","12","20.82","1008.00","56.94","2021-06-17 20:12:04"
"289","12","20.81","1008.04","57.08","2021-06-17 20:12:04"
"290","12","20.78","1008.05","57.21","2021-06-17 20:12:04"
"291","12","20.78","1008.18","57.18","2021-06-17 20:12:04"
"292","12","20.77","1008.02","57.23","2021-06-17 20:12:04"
"293","12","20.78","1008.04","57.06","2021-06-17 20:12:04"
"294","12","20.78","1008.02","57.11","2021-06-17 20:12:04"
"295","12","20.80","1008.07","57.44","2021-06-17 20:12:04"
"296","12","20.80","1008.02","57.31","2021-06-17 20:12:04"
"297","12","20.83","1008.05","57.49","2021-06-17 20:12:04"
"298","12","20.85","1008.08","57.93","2021-06-17 20:12:04"
"299","12","20.86","1008.05","57.42","2021-06-17 20:12:04"
"300","12","20.89","1008.00","58.23","2021-06-17 20:12:04"
"301","12","20.94","1008.14","59.94","2021-06-17 20:12:04"
"302","12","20.95","1007.97","57.79","2021-06-17 20:12:04"
"303","12","21.00","1008.13","58.50","2021-06-17 20:12:04"
"304","12","21.03","1008.09","57.65","2021-06-17 20:12:04"
"305","12","21.06","1008.09","59.37","2021-06-17 20:12:04"
"306","12","21.10","1008.09","57.76","2021-06-17 20:12:04"
"307","12","21.10","1008.09","57.15","2021-06-17 20:12:04"
"308","12","21.12","1008.07","57.21","2021-06-17 20:12:04"
"309","12","21.13","1008.10","56.82","2021-06-17 20:12:04"
"310","12","21.14","1008.07","56.62","2021-06-17 20:12:04"
"311","12","21.15","1008.09","57.74","2021-06-17 20:12:04"
"312","12","21.16","1008.08","56.75","2021-06-17 20:12:04"
"313","12","21.17","1008.04","56.38","2021-06-17 20:12:04"
"314","12","21.15","1008.07","56.25","2021-06-17 20:12:04"
"315","12","21.14","1008.08","56.17","2021-06-17 20:12:04"
"316","12","21.14","1008.04","56.25","2021-06-17 20:12:04"
"317","12","21.17","1008.05","57.54","2021-06-17 20:12:04"
"318","12","21.16","1008.13","56.74","2021-06-17 20:12:04"
"319","12","21.16","1008.05","56.66","2021-06-17 20:12:04"
"320","12","21.17","1008.09","56.86","2021-06-17 20:12:04"
"321","12","21.18","1008.09","56.84","2021-06-17 20:12:04"
"322","12","21.19","1008.08","56.80","2021-06-17 20:12:04"
"323","12","21.21","1008.10","58.71","2021-06-17 20:12:04"
"324","12","21.23","1008.03","57.22","2021-06-17 20:12:04"
"325","12","21.23","1008.08","56.70","2021-06-17 20:12:04"
"326","12","21.28","1008.08","57.77","2021-06-17 20:12:04"
"327","12","21.28","1008.08","56.58","2021-06-17 20:12:04"
"328","12","21.29","1008.06","56.40","2021-06-17 20:12:04"
"329","12","21.31","1008.13","56.39","2021-06-17 20:12:04"
"330","12","21.32","1008.04","58.00","2021-06-17 20:12:04"
"331","12","21.34","1008.08","56.78","2021-06-17 20:12:04"
"332","12","21.34","1008.07","56.47","2021-06-17 20:12:04"
"333","12","21.32","1008.11","56.25","2021-06-17 20:12:04"
"334","12","21.35","1008.12","56.28","2021-06-17 20:12:04"
"335","12","21.38","1008.11","57.11","2021-06-17 20:12:04"
"336","12","21.39","1008.10","56.49","2021-06-17 20:12:04"
"337","12","21.40","1008.02","56.37","2021-06-17 20:12:04"
"338","12","21.42","1008.04","56.35","2021-06-17 20:12:04"
"339","12","21.44","1008.11","56.21","2021-06-17 20:12:04"
"340","12","21.44","1008.13","55.81","2021-06-17 20:12:04"
"341","12","21.47","1008.06","55.84","2021-06-17 20:12:04"
"342","12","21.56","1008.13","60.37","2021-06-17 20:12:04"
"343","12","21.56","1008.10","57.71","2021-06-17 20:12:04"
"344","12","21.57","1008.09","56.30","2021-06-17 20:12:04"
"345","12","21.58","1008.13","56.17","2021-06-17 20:12:04"
"346","12","21.55","1008.05","55.68","2021-06-17 20:12:04"
"347","12","21.54","1008.09","55.58","2021-06-17 20:12:04"
"348","12","21.56","1008.07","56.28","2021-06-17 20:12:04"
"349","12","21.57","1008.09","55.92","2021-06-17 20:12:04"
"350","12","21.56","1008.07","55.70","2021-06-17 20:12:04"
"351","12","21.54","1008.12","55.68","2021-06-17 20:12:04"
"352","12","21.53","1008.05","55.94","2021-06-17 20:12:04"
"353","12","21.49","1008.04","55.85","2021-06-17 20:12:04"
"354","12","21.48","1008.11","55.79","2021-06-17 20:12:04"
"355","12","21.50","1008.09","59.41","2021-06-17 20:12:04"
"356","12","21.49","1008.09","56.60","2021-06-17 20:12:04"
"357","12","21.46","1008.05","56.85","2021-06-17 20:12:04"
"358","12","21.46","1008.12","56.64","2021-06-17 20:12:04"
"359","12","21.43","1008.11","56.10","2021-06-17 20:12:04"
"360","12","21.41","1008.14","56.06","2021-06-17 20:12:04"
"361","12","21.43","1008.01","58.47","2021-06-17 20:12:04"
"362","12","21.40","1008.10","56.66","2021-06-17 20:12:04"
"363","12","21.38","1008.09","56.31","2021-06-17 20:12:04"
"364","12","21.34","1008.07","56.21","2021-06-17 20:12:04"
"365","12","21.36","1008.11","56.30","2021-06-17 20:12:04"
"366","12","21.35","1008.15","56.32","2021-06-17 20:12:04"
"367","12","21.36","1008.09","58.10","2021-06-17 20:12:04"
"368","12","21.33","1008.11","56.58","2021-06-17 20:12:04"
"369","12","21.29","1008.10","56.32","2021-06-17 20:12:04"
"370","12","21.26","1008.12","56.32","2021-06-17 20:12:04"
"371","12","21.25","1008.13","56.26","2021-06-17 20:12:04"
"372","12","21.22","1008.11","56.24","2021-06-17 20:12:04"
"373","12","21.20","1008.15","56.29","2021-06-17 20:12:04"
"374","12","21.18","1008.09","56.34","2021-06-17 20:12:04"
"375","12","21.60","1008.17","56.81","2021-06-17 20:29:12"
"376","12","21.58","1008.21","56.75","2021-06-17 20:29:12"
"377","12","21.89","1008.17","65.07","2021-06-17 20:29:12"
"378","12","22.02","1008.15","59.10","2021-06-17 20:29:12"
"379","12","21.98","1008.15","56.21","2021-06-17 20:29:12"
"380","12","21.91","1008.14","56.23","2021-06-17 20:29:12"
"381","12","21.90","1008.18","56.69","2021-06-17 20:29:12"
"382","12","21.85","1008.21","56.24","2021-06-17 20:29:12"
"383","12","21.80","1008.16","57.21","2021-06-17 20:29:12"
"384","12","21.78","1008.21","56.98","2021-06-17 20:29:12"
"385","12","22.07","1008.12","57.39","2021-06-17 20:29:12"
"386","12","21.97","1008.25","56.15","2021-06-17 20:29:12"
"387","12","21.94","1008.25","55.84","2021-06-17 20:29:12"
"388","12","21.92","1008.16","56.62","2021-06-17 20:29:12"
"389","12","22.11","1008.19","58.46","2021-06-17 20:29:12"
"390","12","17.68","1015.52","55.64","2021-06-23 09:14:28"
"391","12","17.69","1015.44","55.92","2021-06-23 09:14:28"
"392","12","17.71","1015.47","55.66","2021-06-23 09:14:28"
"393","12","17.70","1015.48","55.57","2021-06-23 09:14:28"
"394","12","17.73","1015.48","55.56","2021-06-23 09:14:28"
"395","12","17.73","1015.42","55.62","2021-06-23 09:14:28"
"396","12","17.72","1015.44","56.04","2021-06-23 09:14:28"
"397","12","17.74","1015.42","55.86","2021-06-23 09:14:28"
"398","12","17.79","1015.42","55.89","2021-06-23 09:14:28"
"399","12","17.79","1015.45","55.64","2021-06-23 09:14:28"
"400","12","17.82","1015.47","55.68","2021-06-23 09:14:28"
"401","12","17.84","1015.46","55.19","2021-06-23 09:14:28"
"402","12","17.83","1015.48","55.17","2021-06-23 09:14:28"
"403","12","17.80","1015.41","55.26","2021-06-23 09:14:28"
"404","12","17.81","1015.45","55.34","2021-06-23 09:14:28"
"405","12","17.82","1015.42","55.72","2021-06-23 09:14:28"
"406","12","17.81","1015.37","55.19","2021-06-23 09:14:28"
"407","12","17.83","1015.43","55.22","2021-06-23 09:14:28"
"408","12","17.85","1015.47","55.33","2021-06-23 09:14:28"
"409","12","17.84","1015.42","55.09","2021-06-23 09:14:28"
"410","12","17.86","1015.39","55.02","2021-06-23 09:14:28"
"411","12","17.86","1015.43","55.02","2021-06-23 09:14:28"
"412","12","17.89","1015.44","55.09","2021-06-23 09:14:28"
"413","12","17.91","1015.44","54.97","2021-06-23 09:14:28"
"414","12","17.91","1015.44","55.00","2021-06-23 09:14:28"
"415","12","17.97","1015.44","54.66","2021-06-23 09:14:28"
"416","12","17.96","1015.39","54.44","2021-06-23 09:14:28"
"417","12","17.93","1015.48","54.45","2021-06-23 09:14:28"
"418","12","17.94","1015.44","54.65","2021-06-23 09:14:28"
"419","12","17.94","1015.45","54.60","2021-06-23 09:14:28"
"420","12","17.99","1015.40","54.86","2021-06-23 09:14:28"
"421","12","17.99","1015.43","54.99","2021-06-23 09:14:28"
"422","12","17.99","1015.46","54.55","2021-06-23 09:14:28"
"423","12","17.96","1015.42","54.41","2021-06-23 09:14:28"
"424","12","17.94","1015.38","54.42","2021-06-23 09:14:28"
"425","12","17.94","1015.44","54.45","2021-06-23 09:14:28"
"426","12","17.93","1015.47","54.44","2021-06-23 09:14:28"
"427","12","17.91","1015.44","54.44","2021-06-23 09:14:28"
"428","12","17.89","1015.46","54.44","2021-06-23 09:14:28"
"429","12","17.89","1015.46","54.60","2021-06-23 09:14:28"
"430","12","17.88","1015.42","54.60","2021-06-23 09:14:28"
"431","12","17.88","1015.45","54.63","2021-06-23 09:14:28"
"432","12","17.90","1015.43","54.69","2021-06-23 09:14:28"
"433","12","17.91","1015.47","54.57","2021-06-23 09:14:28"
"434","12","17.93","1015.47","54.52","2021-06-23 09:14:28"
"435","12","17.91","1015.47","54.45","2021-06-23 09:14:28"
"436","12","17.94","1015.49","54.46","2021-06-23 09:14:28"
"437","12","17.94","1015.45","54.45","2021-06-23 09:14:28"
"438","12","17.94","1015.39","54.31","2021-06-23 09:14:28"
"439","12","17.96","1015.46","54.59","2021-06-23 09:14:28"
"440","12","17.96","1015.46","54.48","2021-06-23 09:14:28"
"441","12","17.98","1015.46","54.69","2021-06-23 09:14:28"
"442","12","18.05","1015.49","54.60","2021-06-23 09:14:28"
"443","12","18.03","1015.46","54.31","2021-06-23 09:14:28"
"444","12","18.02","1015.47","54.14","2021-06-23 09:14:28"
"445","12","18.03","1015.51","53.95","2021-06-23 09:14:28"
"446","12","18.04","1015.53","53.75","2021-06-23 09:14:28"
"447","12","18.03","1015.43","53.58","2021-06-23 09:14:28"
"448","12","18.07","1015.53","53.57","2021-06-23 09:14:28"
"449","12","18.09","1015.51","53.50","2021-06-23 09:14:28"
"450","12","18.09","1015.47","53.33","2021-06-23 09:14:28"
"451","12","18.11","1015.52","53.26","2021-06-23 09:14:28"
"452","12","18.12","1015.49","53.19","2021-06-23 09:14:28"
"453","12","18.14","1015.53","53.26","2021-06-23 09:14:28"
"454","12","18.19","1015.45","53.11","2021-06-23 09:14:28"
"455","12","18.15","1015.55","53.09","2021-06-23 09:14:28"
"456","12","18.19","1015.51","52.91","2021-06-23 09:14:28"
"457","12","18.17","1015.49","53.10","2021-06-23 09:14:28"
"458","12","18.19","1015.52","53.10","2021-06-23 09:14:28"
"459","12","18.17","1015.41","53.14","2021-06-23 09:14:28"
"460","12","18.19","1015.39","53.15","2021-06-23 09:14:28"
"461","12","18.22","1015.47","53.01","2021-06-23 09:14:28"
"462","12","18.21","1015.49","53.37","2021-06-23 09:14:28"
"463","12","18.23","1015.49","54.35","2021-06-23 09:14:28"
"464","12","18.22","1015.42","53.51","2021-06-23 09:14:28"
"465","12","18.23","1015.47","53.82","2021-06-23 09:14:28"
"466","12","18.22","1015.48","53.78","2021-06-23 09:14:28"
"467","12","18.27","1015.44","53.63","2021-06-23 09:14:28"
"468","12","18.39","1015.48","53.03","2021-06-23 09:14:28"
"469","12","18.41","1015.46","52.73","2021-06-23 09:14:28"
"470","12","18.42","1015.43","52.57","2021-06-23 09:14:28"
"471","12","18.46","1015.49","52.51","2021-06-23 09:14:28"
"472","12","18.52","1015.39","52.21","2021-06-23 09:14:28"
"473","12","18.54","1015.41","52.06","2021-06-23 09:14:28"
"474","12","18.51","1015.40","52.13","2021-06-23 09:14:28"
"475","12","18.46","1015.42","52.17","2021-06-23 09:14:28"
"476","12","18.41","1015.46","52.26","2021-06-23 09:14:28"
"477","12","18.39","1015.48","52.43","2021-06-23 09:14:28"
"478","12","18.38","1015.46","52.59","2021-06-23 09:14:28"
"479","12","18.34","1015.42","52.56","2021-06-23 09:14:28"
"480","12","18.38","1015.44","52.57","2021-06-23 09:14:28"
"481","12","18.46","1015.39","52.45","2021-06-23 09:14:28"
"482","12","18.45","1015.39","52.48","2021-06-23 09:14:28"
"483","12","18.44","1015.40","52.43","2021-06-23 09:14:28"
"484","12","18.43","1015.37","52.39","2021-06-23 09:14:28"
"485","12","18.47","1015.38","52.25","2021-06-23 09:14:28"
"486","12","18.50","1015.39","52.17","2021-06-23 09:14:28"
"487","12","18.57","1015.41","51.93","2021-06-23 09:14:28"
"488","12","18.54","1015.43","51.85","2021-06-23 09:14:28"
"489","12","18.52","1015.45","52.03","2021-06-23 09:14:28"
"490","12","18.52","1015.39","52.09","2021-06-23 09:14:28"
"491","12","18.60","1015.39","52.01","2021-06-23 09:14:28"
"492","12","18.65","1015.43","51.90","2021-06-23 09:14:28"
"493","12","18.76","1015.46","51.68","2021-06-23 09:14:28"
"494","12","18.78","1015.42","51.65","2021-06-23 09:14:28"
"495","12","18.80","1015.40","51.63","2021-06-23 09:14:28"
"496","12","18.86","1015.42","51.55","2021-06-23 09:14:28"
"497","12","18.88","1015.42","51.27","2021-06-23 09:14:28"
"498","12","18.93","1015.37","51.04","2021-06-23 09:14:28"
"499","12","19.02","1015.38","50.81","2021-06-23 09:14:28"
"500","12","19.04","1015.41","50.68","2021-06-23 09:14:28"
"501","12","19.04","1015.47","50.67","2021-06-23 09:14:28"
"502","12","19.08","1015.47","50.57","2021-06-23 09:14:28"
"503","12","19.13","1015.34","50.47","2021-06-23 09:14:28"
"504","12","19.15","1015.42","50.36","2021-06-23 09:14:28"
"505","12","19.11","1015.40","50.28","2021-06-23 09:14:28"
"506","12","19.15","1015.35","50.21","2021-06-23 09:14:28"
"507","12","19.19","1015.42","50.14","2021-06-23 09:14:28"
"508","12","19.18","1015.36","50.15","2021-06-23 09:14:28"
"509","12","19.21","1015.37","50.11","2021-06-23 09:14:28"
"510","12","19.26","1015.44","49.99","2021-06-23 09:14:28"
"511","12","19.29","1015.35","49.80","2021-06-23 09:14:28"
"512","12","19.31","1015.36","49.70","2021-06-23 09:14:28"
"513","12","19.27","1015.32","49.71","2021-06-23 09:14:28"
"514","12","19.27","1015.34","49.70","2021-06-23 09:14:28"
"515","12","19.29","1015.43","49.67","2021-06-23 09:14:28"
"516","12","19.35","1015.40","49.62","2021-06-23 09:14:28"
"517","12","19.34","1015.35","49.60","2021-06-23 09:14:28"
"518","12","19.32","1015.37","49.63","2021-06-23 09:14:28"
"519","12","19.30","1015.42","49.67","2021-06-23 09:14:28"
"520","12","19.30","1015.39","49.65","2021-06-23 09:14:28"
"521","12","19.41","1015.29","49.51","2021-06-23 09:14:28"
"522","12","19.44","1015.36","49.42","2021-06-23 09:14:28"
"523","12","19.40","1015.40","49.41","2021-06-23 09:14:28"
"524","12","19.39","1015.35","49.50","2021-06-23 09:14:28"
"525","12","19.32","1015.37","49.54","2021-06-23 09:14:28"
"526","12","19.26","1015.34","49.68","2021-06-23 09:14:28"
"527","12","19.22","1015.37","50.35","2021-06-23 09:14:28"
"528","12","19.24","1015.33","51.73","2021-06-23 09:14:28"
"529","12","19.22","1015.34","50.78","2021-06-23 09:14:28"
"530","12","19.15","1015.35","50.47","2021-06-23 09:14:28"
"531","12","19.12","1015.37","50.85","2021-06-23 09:14:28"
"532","12","19.10","1015.38","50.74","2021-06-23 09:14:28"
"533","12","19.04","1015.34","50.75","2021-06-23 09:14:28"
"534","12","18.98","1015.41","50.85","2021-06-23 09:14:28"
"535","12","18.93","1015.34","51.00","2021-06-23 09:14:28"
"536","12","18.99","1015.84","51.05","2021-06-23 09:14:28"
"537","12","19.00","1015.32","50.69","2021-06-23 09:14:28"
"538","12","18.95","1015.43","50.59","2021-06-23 09:14:28"
"539","12","18.97","1015.38","50.56","2021-06-23 09:14:28"
"540","12","16.40","1012.21","67.71","2021-06-23 20:00:15"
"541","12","16.42","1012.26","67.76","2021-06-23 20:00:15"
"542","12","16.43","1012.22","67.75","2021-06-23 20:00:15"
"543","12","16.44","1012.29","67.74","2021-06-23 20:00:15"
"544","12","16.44","1012.26","67.73","2021-06-23 20:00:15"
"545","12","16.43","1012.25","67.73","2021-06-23 20:00:15"
"546","12","16.44","1012.31","67.81","2021-06-23 20:00:15"
"547","12","16.44","1012.26","67.84","2021-06-23 20:00:15"
"548","12","16.46","1012.30","67.89","2021-06-23 20:00:15"
"549","12","16.47","1012.26","67.89","2021-06-23 20:00:15"
"550","12","16.48","1012.31","67.87","2021-06-23 20:00:15"
"551","12","16.47","1012.26","67.86","2021-06-23 20:00:15"
"552","12","16.48","1012.28","67.83","2021-06-23 20:00:15"
"553","12","16.49","1012.35","67.75","2021-06-23 20:00:15"
"554","12","16.46","1012.28","67.69","2021-06-23 20:00:15"
"555","12","16.45","1012.25","67.70","2021-06-23 20:00:15"
"556","12","15.57","1010.80","67.68","2021-06-23 20:00:15"
"557","12","16.46","1012.27","67.72","2021-06-23 20:00:15"
"558","12","16.45","1012.30","67.82","2021-06-23 20:00:15"
"559","12","16.50","1012.29","67.76","2021-06-23 20:00:15"
"560","12","16.49","1012.27","67.73","2021-06-23 20:00:15"
"561","12","16.47","1012.29","67.72","2021-06-23 20:00:15"
"562","12","16.43","1012.29","67.76","2021-06-23 20:00:15"
"563","12","16.39","1012.27","67.84","2021-06-23 20:00:15"
"564","12","16.36","1012.29","67.94","2021-06-23 20:00:15"
"565","12","16.34","1012.26","67.97","2021-06-23 20:00:15"
"566","12","16.31","1012.26","68.06","2021-06-23 20:00:15"
"567","12","16.31","1012.27","68.12","2021-06-23 20:00:15"
"568","12","16.29","1012.27","68.19","2021-06-23 20:00:15"
"569","12","16.26","1012.32","68.26","2021-06-23 20:00:15"
"570","12","16.23","1012.35","68.39","2021-06-23 20:00:15"
"571","12","16.21","1012.27","68.48","2021-06-23 20:00:15"
"572","12","16.19","1012.29","68.58","2021-06-23 20:00:15"
"573","12","16.18","1012.29","68.62","2021-06-23 20:00:15"
"574","12","16.17","1012.29","68.69","2021-06-23 20:00:15"
"575","12","16.15","1012.32","68.74","2021-06-23 20:00:15"
"576","12","16.14","1012.28","68.82","2021-06-23 20:00:15"
"577","12","16.14","1012.33","68.88","2021-06-23 20:00:15"
"578","12","16.17","1012.35","68.87","2021-06-23 20:00:15"
"579","12","16.17","1012.35","68.81","2021-06-23 20:00:15"
"580","12","16.18","1012.36","68.79","2021-06-23 20:00:15"
"581","12","16.18","1012.31","68.79","2021-06-23 20:00:15"
"582","12","16.21","1012.39","68.75","2021-06-23 20:00:15"
"583","12","16.22","1012.36","68.70","2021-06-23 20:00:15"
"584","12","16.26","1012.35","68.66","2021-06-23 20:00:15"
"585","12","16.29","1012.35","68.57","2021-06-23 20:00:15"
"586","12","16.30","1012.28","68.51","2021-06-23 20:00:15"
"587","12","16.31","1012.33","68.49","2021-06-23 20:00:15"
"588","12","16.35","1012.37","68.42","2021-06-23 20:00:15"
"589","12","16.34","1012.36","68.35","2021-06-23 20:00:15"
"590","12","16.36","1012.40","68.32","2021-06-23 20:00:15"
"591","12","16.39","1012.36","68.28","2021-06-23 20:00:15"
"592","12","16.38","1012.41","68.18","2021-06-23 20:00:15"
"593","12","16.38","1012.37","68.17","2021-06-23 20:00:15"
"594","12","16.40","1012.34","68.15","2021-06-23 20:00:15"
"595","12","16.43","1012.42","68.12","2021-06-23 20:00:15"
"596","12","16.43","1012.38","68.03","2021-06-23 20:00:15"
"597","12","16.44","1012.34","68.07","2021-06-23 20:00:15"
"598","12","16.44","1012.39","68.11","2021-06-23 20:00:15"
"599","12","16.45","1012.36","68.15","2021-06-23 20:00:15"
"600","12","16.44","1012.36","68.05","2021-06-23 20:00:15"
"601","12","16.42","1012.42","68.03","2021-06-23 20:00:15"
"602","12","16.40","1012.41","68.07","2021-06-23 20:00:15"
"603","12","16.38","1012.38","68.11","2021-06-23 20:00:15"
"604","12","16.37","1012.43","68.16","2021-06-23 20:00:15"
"605","12","16.40","1012.41","68.18","2021-06-23 20:00:15"
"606","12","16.44","1012.44","68.09","2021-06-23 20:00:15"
"607","12","16.44","1012.44","68.04","2021-06-23 20:00:15"
"608","12","16.45","1012.41","67.98","2021-06-23 20:00:15"
"609","12","16.46","1012.41","67.98","2021-06-23 20:00:15"
"610","12","16.46","1012.43","67.92","2021-06-23 20:00:15"
"611","12","16.48","1012.50","67.89","2021-06-23 20:00:15"
"612","12","16.48","1012.47","67.84","2021-06-23 20:00:15"
"613","12","16.48","1012.43","67.85","2021-06-23 20:00:15"
"614","12","16.48","1012.51","67.87","2021-06-23 20:00:15"
"615","12","16.47","1012.48","67.87","2021-06-23 20:00:15"
"616","12","16.48","1012.43","67.85","2021-06-23 20:00:15"
"617","12","16.46","1012.46","67.90","2021-06-23 20:00:15"
"618","12","16.44","1012.44","67.99","2021-06-23 20:00:15"
"619","12","16.46","1012.50","67.98","2021-06-23 20:00:15"
"620","12","16.46","1012.43","67.93","2021-06-23 20:00:15"
"621","12","16.45","1012.47","67.87","2021-06-23 20:00:15"
"622","12","16.45","1012.46","67.90","2021-06-23 20:00:15"
"623","12","16.45","1012.46","67.93","2021-06-23 20:00:15"
"624","12","16.45","1012.52","67.93","2021-06-23 20:00:15"
"625","12","16.43","1012.46","67.93","2021-06-23 20:00:15"
"626","12","16.42","1012.49","67.95","2021-06-23 20:00:15"
"627","12","16.42","1012.51","68.02","2021-06-23 20:00:15"
"628","12","16.40","1012.48","68.06","2021-06-23 20:00:15"
"629","12","16.40","1012.51","68.10","2021-06-23 20:00:15"
"630","12","16.38","1012.53","68.11","2021-06-23 20:00:15"
"631","12","16.39","1012.53","68.10","2021-06-23 20:00:15"
"632","12","16.40","1012.54","68.07","2021-06-23 20:00:15"
"633","12","16.40","1012.48","68.02","2021-06-23 20:00:15"
"634","12","16.38","1012.53","68.05","2021-06-23 20:00:15"
"635","12","16.37","1012.62","68.11","2021-06-23 20:00:15"
"636","12","16.37","1012.52","68.10","2021-06-23 20:00:15"
"637","12","16.37","1012.52","68.13","2021-06-23 20:00:15"
"638","12","16.35","1012.48","68.18","2021-06-23 20:00:15"
"639","12","16.35","1012.51","68.18","2021-06-23 20:00:15"
"640","12","16.35","1012.55","68.19","2021-06-23 20:00:15"
"641","12","16.35","1012.55","68.20","2021-06-23 20:00:15"
"642","12","16.34","1012.57","68.23","2021-06-23 20:00:15"
"643","12","16.31","1012.49","68.26","2021-06-23 20:00:15"
"644","12","16.33","1012.60","68.29","2021-06-23 20:00:15"
"645","12","16.34","1012.57","68.28","2021-06-23 20:00:15"
"646","12","16.36","1012.54","68.25","2021-06-23 20:00:15"
"647","12","16.37","1012.56","68.21","2021-06-23 20:00:15"
"648","12","16.38","1012.56","68.21","2021-06-23 20:00:15"
"649","12","16.38","1012.51","68.17","2021-06-23 20:00:15"
"650","12","16.39","1012.55","68.11","2021-06-23 20:00:15"
"651","12","16.41","1012.58","68.13","2021-06-23 20:00:15"
"652","12","16.42","1012.56","68.09","2021-06-23 20:00:15"
"653","12","16.39","1012.58","68.10","2021-06-23 20:00:15"
"654","12","16.39","1012.58","68.14","2021-06-23 20:00:15"
"655","12","16.46","1012.55","68.02","2021-06-23 20:00:15"
"656","12","16.50","1012.57","67.87","2021-06-23 20:00:15"
"657","12","16.48","1012.56","67.83","2021-06-23 20:00:15"
"658","12","16.31","1012.27","67.85","2021-06-23 20:00:15"
"659","12","16.45","1012.55","67.89","2021-06-23 20:00:15"
"660","12","16.45","1012.61","67.88","2021-06-23 20:00:15"
"661","12","16.48","1012.57","67.83","2021-06-23 20:00:15"
"662","12","16.49","1012.56","67.79","2021-06-23 20:00:15"
"663","12","16.49","1012.56","67.77","2021-06-23 20:00:15"
"664","12","16.48","1012.55","67.75","2021-06-23 20:00:15"
"665","12","16.48","1012.56","67.76","2021-06-23 20:00:15"
"666","12","16.48","1012.59","67.75","2021-06-23 20:00:15"
"667","12","16.48","1012.62","67.75","2021-06-23 20:00:15"
"668","12","16.48","1012.68","67.76","2021-06-23 20:00:15"
"669","12","19.04","1012.84","60.88","2021-06-23 20:21:53"
"670","12","19.08","1012.84","60.82","2021-06-23 20:21:53"
"671","12","19.12","1012.92","60.78","2021-06-23 20:21:53"
"672","12","19.13","1012.86","60.76","2021-06-23 20:21:53"
"673","12","19.15","1012.81","60.70","2021-06-23 20:21:53"
"674","12","19.17","1012.90","60.63","2021-06-23 20:21:53"
"675","12","19.18","1012.87","60.64","2021-06-23 20:21:53"
"676","12","19.20","1012.90","60.62","2021-06-23 20:21:53"
"677","12","19.22","1012.88","60.58","2021-06-23 20:21:53"
"678","12","19.23","1012.85","60.56","2021-06-23 20:21:53"
"679","12","19.24","1012.84","60.53","2021-06-23 20:21:53"
"680","12","19.26","1012.90","60.42","2021-06-23 20:21:53"
"681","12","19.29","1012.88","60.36","2021-06-23 20:21:53"
"682","12","19.31","1012.83","60.31","2021-06-23 20:21:53"
"683","12","19.34","1012.85","60.30","2021-06-23 20:21:53"
"684","12","19.37","1012.82","60.36","2021-06-23 20:21:53"
"685","12","19.38","1012.89","60.38","2021-06-23 20:21:53"
"686","12","19.40","1012.92","60.33","2021-06-23 20:21:53"
"687","12","19.41","1012.86","60.31","2021-06-23 20:21:53"
"688","12","19.41","1012.84","60.23","2021-06-23 20:21:53"
"689","12","19.41","1012.84","60.23","2021-06-23 20:21:53"
"690","12","19.43","1012.87","60.28","2021-06-23 20:21:53"
"691","12","19.46","1012.82","60.24","2021-06-23 20:21:53"
"692","12","19.46","1012.85","60.17","2021-06-23 20:21:53"
"693","12","19.47","1012.92","60.14","2021-06-23 20:21:53"
"694","12","19.49","1012.85","60.05","2021-06-23 20:21:53"
"695","12","19.52","1012.79","59.95","2021-06-23 20:21:53"
"696","12","19.53","1012.89","59.82","2021-06-23 20:21:53"
"697","12","19.55","1012.81","59.69","2021-06-23 20:21:53"
"698","12","19.56","1012.89","59.62","2021-06-23 20:21:53"
"699","12","19.57","1012.86","59.59","2021-06-23 20:21:53"
"700","12","19.58","1012.85","59.53","2021-06-23 20:21:53"
"701","12","19.59","1012.84","59.53","2021-06-23 20:21:53"
"702","12","19.60","1012.85","59.46","2021-06-23 20:21:53"
"703","12","19.61","1012.82","59.45","2021-06-23 20:21:53"
"704","12","19.61","1012.88","59.41","2021-06-23 20:21:53"
"705","12","19.62","1012.82","59.39","2021-06-23 20:21:53"
"706","12","19.64","1012.78","59.37","2021-06-23 20:21:53"
"707","12","19.66","1012.85","59.36","2021-06-23 20:21:53"
"708","12","19.66","1012.77","59.36","2021-06-23 20:21:53"
"709","12","19.67","1012.83","59.38","2021-06-23 20:21:53"
"710","12","19.68","1012.85","59.39","2021-06-23 20:21:53"
"711","12","19.68","1012.83","59.34","2021-06-23 20:21:53"
"712","12","19.68","1012.80","59.26","2021-06-23 20:21:53"
"713","12","19.69","1012.82","59.19","2021-06-23 20:21:53"
"714","12","19.70","1012.83","59.10","2021-06-23 20:21:53"
"715","12","19.70","1012.83","59.08","2021-06-23 20:21:53"
"716","12","19.71","1012.78","59.10","2021-06-23 20:21:53"
"717","12","19.73","1012.82","59.05","2021-06-23 20:21:53"
"718","12","19.73","1012.86","59.05","2021-06-23 20:21:53"
"719","12","19.75","1012.88","59.04","2021-06-23 20:21:53"
"720","12","19.75","1012.78","59.11","2021-06-23 20:21:53"
"721","12","19.72","1012.74","59.08","2021-06-23 20:21:53"
"722","12","19.78","1012.78","59.01","2021-06-23 20:21:53"
"723","12","19.79","1012.83","58.91","2021-06-23 20:21:53"
"724","12","19.81","1012.84","58.81","2021-06-23 20:21:53"
"725","12","20.88","1013.09","57.82","2021-06-23 22:55:11"
"726","12","20.88","1013.02","57.74","2021-06-23 22:55:11"
"727","12","20.88","1013.07","57.65","2021-06-23 22:55:11"
"728","12","20.88","1013.06","57.66","2021-06-23 22:55:11"
"729","12","20.88","1013.04","57.59","2021-06-23 22:55:11"
"730","12","20.87","1013.08","57.49","2021-06-23 22:55:11"
"731","12","20.88","1013.02","57.45","2021-06-23 22:55:11"
"732","12","20.89","1013.08","57.53","2021-06-23 22:55:11"
"733","12","20.89","1013.03","57.49","2021-06-23 22:55:11"
"734","12","20.89","1013.06","57.42","2021-06-23 22:55:11"
"735","12","20.89","1013.01","57.66","2021-06-23 22:55:11"
"736","12","20.90","1013.05","57.95","2021-06-23 22:55:11"
"737","12","20.90","1013.07","58.02","2021-06-23 22:55:11"
"738","12","20.91","1013.14","57.74","2021-06-23 22:55:11"
"739","12","20.90","1013.12","57.65","2021-06-23 22:55:11"
"740","12","20.90","1013.03","57.62","2021-06-23 22:55:11"
"741","12","20.90","1013.03","57.53","2021-06-23 22:55:11"
"742","12","20.89","1013.03","57.52","2021-06-23 22:55:11"
"743","12","20.90","1013.08","57.54","2021-06-23 22:55:11"
"744","12","20.89","1013.16","57.43","2021-06-23 23:04:42"
"745","12","20.87","1013.13","57.40","2021-06-23 23:04:42"
"746","12","20.88","1013.17","57.49","2021-06-23 23:04:42"
"747","12","20.89","1013.14","57.47","2021-06-23 23:04:42"
"748","12","20.90","1013.09","57.39","2021-06-23 23:04:42"
"749","12","20.89","1013.11","57.30","2021-06-23 23:04:42"
"750","12","20.90","1013.09","57.14","2021-06-23 23:04:42"
"751","12","20.89","1013.10","57.03","2021-06-23 23:04:42"
"752","12","20.91","1013.11","57.05","2021-06-23 23:04:42"
"753","12","20.91","1013.15","57.07","2021-06-23 23:04:42"
"754","12","20.92","1013.16","57.02","2021-06-23 23:04:42"
"755","12","20.92","1013.17","57.00","2021-06-23 23:04:42"
"756","12","20.92","1013.10","57.00","2021-06-23 23:04:42"
"757","12","20.92","1013.13","58.08","2021-06-23 23:04:42"
"758","12","20.92","1013.16","58.12","2021-06-23 23:04:42"
"759","12","20.47","1012.36","58.18","2021-06-23 23:04:42"
"760","12","20.89","1013.11","58.05","2021-06-23 23:04:42"
"761","12","20.89","1013.11","57.83","2021-06-23 23:04:42"
"762","12","20.89","1013.10","57.79","2021-06-23 23:04:42"
"763","12","20.90","1013.17","57.83","2021-06-23 23:04:42"
"764","12","20.90","1013.20","57.65","2021-06-23 23:04:42"
"765","12","20.91","1013.16","57.46","2021-06-23 23:04:42"
"766","12","20.92","1013.18","57.58","2021-06-23 23:04:42"
"767","12","20.91","1013.14","57.69","2021-06-23 23:04:42"
"768","12","20.91","1013.14","57.76","2021-06-23 23:04:42"
"769","12","20.91","1013.15","57.91","2021-06-23 23:04:42"
"770","12","20.92","1013.13","58.09","2021-06-23 23:04:42"
"771","12","20.92","1013.13","58.01","2021-06-23 23:04:42"
"772","12","20.92","1013.14","57.99","2021-06-23 23:04:42"
"773","12","20.92","1013.13","57.97","2021-06-23 23:04:42"
"774","12","20.91","1013.10","57.82","2021-06-23 23:04:42"
"775","12","20.92","1013.10","57.70","2021-06-23 23:04:42"
"776","12","20.93","1013.17","57.62","2021-06-23 23:04:42"
"777","12","20.92","1013.14","57.68","2021-06-23 23:04:42"
"778","12","20.93","1013.07","57.78","2021-06-23 23:04:42"
"779","12","20.92","1013.14","57.78","2021-06-23 23:04:42"
"780","12","20.92","1013.09","57.75","2021-06-23 23:04:42"
"781","12","20.93","1013.18","57.71","2021-06-23 23:04:42"
"782","12","20.94","1013.10","57.49","2021-06-23 23:04:42"
"783","12","20.94","1013.15","57.32","2021-06-23 23:04:42"
"784","12","20.96","1013.15","57.21","2021-06-23 23:04:42"
"785","12","20.95","1013.14","57.19","2021-06-23 23:04:42"
"786","12","20.96","1013.07","57.85","2021-06-23 23:04:42"
"787","12","20.93","1013.13","57.62","2021-06-23 23:04:42"
"788","12","20.93","1013.07","57.62","2021-06-23 23:04:42"
"789","12","20.95","1013.10","57.67","2021-06-23 23:04:42"
"790","12","20.94","1013.11","57.80","2021-06-23 23:04:42"
"791","12","20.93","1013.07","57.84","2021-06-23 23:04:42"
"792","12","20.94","1013.10","57.84","2021-06-23 23:04:42"
"793","12","20.93","1013.13","57.90","2021-06-23 23:04:42"
"794","12","20.93","1013.10","57.88","2021-06-23 23:04:42"
"795","12","20.93","1013.13","57.85","2021-06-23 23:04:42"
"796","12","20.94","1013.10","57.82","2021-06-23 23:04:42"
"797","12","20.94","1013.12","57.78","2021-06-23 23:04:42"
"798","12","20.94","1013.11","57.70","2021-06-23 23:04:42"
"799","12","20.94","1013.15","57.71","2021-06-23 23:04:42"
"800","12","20.94","1013.12","57.69","2021-06-23 23:04:42"
"801","12","20.94","1013.10","57.74","2021-06-23 23:04:42"
"802","12","20.94","1013.11","57.65","2021-06-23 23:04:42"
"803","12","20.94","1013.10","57.55","2021-06-23 23:04:42"
"804","12","20.93","1013.12","57.52","2021-06-23 23:04:42"
"805","12","20.93","1013.13","57.48","2021-06-23 23:04:42"
"806","12","20.93","1013.10","57.39","2021-06-23 23:04:42"
"807","12","20.94","1013.09","57.32","2021-06-23 23:04:42"
"808","12","20.96","1013.10","57.27","2021-06-23 23:04:42"
"809","12","20.98","1013.10","57.22","2021-06-23 23:04:42"
"810","12","20.98","1013.16","57.16","2021-06-23 23:04:42"
"811","12","20.98","1013.15","57.06","2021-06-23 23:04:42"
"812","12","20.98","1013.12","57.12","2021-06-23 23:04:42"
"813","12","20.99","1013.06","57.31","2021-06-23 23:04:42"
"814","12","20.99","1013.14","57.34","2021-06-23 23:04:42"
"815","12","20.98","1013.13","57.37","2021-06-23 23:04:42"
"816","12","20.99","1013.04","57.30","2021-06-23 23:04:42"
"817","12","20.98","1013.11","57.33","2021-06-23 23:04:42"
"818","12","21.00","1013.08","57.33","2021-06-23 23:04:42"
"819","12","21.01","1013.10","57.26","2021-06-23 23:04:42"
"820","12","21.00","1013.11","57.26","2021-06-23 23:04:42"
"821","12","21.00","1013.08","57.24","2021-06-23 23:04:42"
"822","12","21.01","1013.07","57.69","2021-06-23 23:04:42"
